9,Lisandro Martinez,23,Defensa central,Argentino,No convocado
10,Marcos Senesi,24,Defensa central,Argentino,No convocado
11,Lucas Martinez Quarta,25,Defensa central,Argentino,No convocado
12,Facundo Medina,22,Defensa central,Argentino,No convocado
13,Nicolas Otamendi,33,Defensa central,Argentino,No convocado
14,German Pezzella,30,Defensa central,Argentino,No convocado
15,Walter Kannemann,30,Defensa central,Argentino,No convocado
16,Nehuen Perez,21,Defensa central,Argentino,No convocado
17,Nicolas Tagliafico,28,Lateral izquierdo,Argentino,No convocado
18,Marcos Acuna,29,Lateral izquierdo,Argentino,No convocado
19,Gonzalo Montiel,24,Lateral derecho,Argentino,No convocado
20,Juan Foyth ,23,Lateral derecho,Argentino,No convocado
21,Nahuel Molina,23,Lateral derecho,Argentino,No convocado
22,Guido Rodriguez,27,Pivote,Argentino,No convocado
23,Leandro Paredes ,27,Pivote,Argentino,No convocado
24,Rodrigo De Paul,27,Mediocentro,Argentino,No convocado
25,Giovani Lo Celso,25,Mediocentro,Argentino,No convocado
26,Exequiel Palacios,22,Mediocentro,Argentino,No convocado
27,Nicolas Dominguez,23,Mediocentro,Argentino,No convocado
28,Alexis Mac Allister,22,Mediocentro,Argentino,No convocado
29,Manuel Lanzini,28,Mediocentro ofensivo,Argentino,No convocado
30,Lucas Ocampos,26,Extremo izquierdo,Argentino,No convocado
31,Nicolas Gonzalez ,23,Extremo izquierdo,Argentino,No convocado
32,Papu Gomez,33,Extremo izquierdo,Argentino,No convocado
33,Angel Correa,26,Extremo derecho,Argentino,No convocado
34,Emiliano Buendia,24,Extremo derecho,Argentino,No convocado
35,Angel Di Maria ,33,Extremo derecho,Argentino,No convocado
36,Eduardo Salvio,30,Extremo derecho,Argentino,No convocado
37,Maximiliano Meza,28,Extremo derecho,Argentino,No convocado
38,Lionel Messi,34,Mediapunta,Argentino,Argentina
39,Paulo Dybala ,27,Mediapunta,Argentino,No convocado
40,Joaquin Correa,26,Mediapunta,Argentino,No convocado
41,Lautaro Martinez,23,Delantero centro,Argentino,No convocado
42,Lucas Alario,28,Delantero centro,Argentino,No convocado
43,Sergio Aguero,33,Delantero centro,Argentino,No convocado
44,Julian Alvarez,21,Delantero centro,Argentino,No convocado
45,Giovanni Simeone,25,Delantero centro,Argentino,No convocado
46,Lucas Boye,25,Delantero centro,Argentino,No convocado
47,Alisson,30,Portero,Brasilero,No convocado
48,Ederson,29,Portero,Brasilero,No convocado
49,Weverton,34,Portero,Brasilero,No convocado
50,Marquinhos,28,Defensa central,Brasilero,No convocado
51,Eder Militao,24,Defensa central,Brasilero,No convocado
52,Bremer ,25,Defensa central,Brasilero,No convocado
53,Roger Ibanez,23,Defensa central,Brasilero,No convocado
54,Thiago Silva,38,Defensa central,Brasilero,No convocado
55,Renan Lodi,24,Lateral izquierdo,Brasilero,No convocado
56,Alex Telles,29,Lateral izquierdo,Brasilero,No convocado
57,Danilo ,31,Lateral derecho,Brasilero,No convocado
58,Fabinho,29,Pivote,Brasilero,No convocado
59,Casemiro,30,Pivote,Brasilero,No convocado
60,Bruno Guimaraes,24,Pivote,Brasilero,No convocado
61,Fred,29,Mediocentro,Brasilero,No convocado
62,Everton Ribeiro,33,Mediocentro,Brasilero,No convocado
63,Lucas Paqueta,25,Mediocentro ofensivo,Brasilero,No convocado
64,Vinicius Junior,22,Extremo izquierdo,Brasilero,No convocado
65,Neymar ,30,Extremo izquierdo,Brasilero,No convocado
66,Antony,22,Extremo derecho,Brasilero,No convocado
67,Rodrygo,21,Extremo derecho,Brasilero,No convocado
68,Raphinha,25,Extremo derecho,Brasilero,No convocado
69,Richarlison ,25,Delantero centro,Brasilero,No convocado
70,Roberto Firmino,31,Delantero centro,Brasilero,No convocado
71,Matheus Cunha,23,Delantero centro,Brasilero,No convocado
72,Pedro,25,Delantero centro,Brasilero,No convocado
73,Sergio Rochet,29,Portero,Uruguayo,No convocado
74,Fernando Muslera,36,Portero,Uruguayo,No convocado
75,Sebastian Sosa,36,Portero,Uruguayo,No convocado
76,Ronald Araujo ,23,Defensa central,Uruguayo,No convocado
77,Agustin Rogel,25,Defensa central,Uruguayo,No convocado
78,Sebastian Caceres,23,Defensa central,Uruguayo,No convocado
79,Leandro Cabrera,31,Defensa central,Uruguayo,No convocado
80,Martin Caceres,35,Defensa central,Uruguayo,No convocado
81,Mathias Olivera,24,Lateral izquierdo,Uruguayo,No convocado
82,Matias Vina,24,Lateral izquierdo,Uruguayo,No convocado
83,Guillermo Varela,29,Lateral derecho,Uruguayo,No convocado
84,Damian Suarez,34,Lateral derecho,Uruguayo,No convocado
85,Lucas Torreira,26,Pivote,Uruguayo,No convocado
86,Manuel Ugarte,21,Pivote,Uruguayo,No convocado
87,Federico Valverde ,24,Mediocentro,Uruguayo,No convocado
88,Rodrigo Bentancur,25,Mediocentro,Uruguayo,No convocado
89,Nicolas De La Cruz ,25,Mediocentro,Uruguayo,No convocado
90,Matias Vecino,31,Mediocentro,Uruguayo,No convocado
91,Giorgian De Arrascaeta,28,Mediocentro ofensivo,Uruguayo,No convocado
92,Diego Rossi ,24,Extremo izquierdo,Uruguayo,No convocado
93,Agustin Canobbio,24,Extremo derecho,Uruguayo,No convocado
94,Facundo Pellistri,20,Extremo derecho,Uruguayo,No convocado
95,Brian Ocampo,23,Extremo derecho,Uruguayo,No convocado
96,Darwin Nunez,23,Delantero centro,Uruguayo,No convocado
97,Luis Suarez,35,Delantero centro,Uruguayo,No convocado
98,Martin Satriano,21,Delantero centro,Uruguayo,No convocado
99,Anthony Lopes,29,Portero,Portugues,No convocado
100,Rui Silva,26,Portero,Portugues,No convocado
101,Rui Patricio,32,Portero,Portugues,No convocado
102,Jose Sa,27,Portero,Portugues,No convocado
103,Diogo Costa,20,Portero,Portugues,No convocado
104,Bruno Varela,25,Portero,Portugues,No convocado
105,Ruben Dias,23,Defensa central,Portugues,No convocado
106,Domingos Duarte,25,Defensa central,Portugues,No convocado
107,Ruben Semedo,26,Defensa central,Portugues,No convocado
108,Luis Neto,32,Defensa central,Portugues,No convocado
109,Jose Fonte,36,Defensa central,Portugues,No convocado
110,Pepe,37,Defensa central,Portugues,No convocado
111,Raphael Guerreiro,26,Lateral izquierdo,Portugues,No convocado
112,Nuno Mendes,18,Lateral izquierdo,Portugues,No convocado
113,Mario Rui,29,Lateral izquierdo,Portugues,No convocado
114,Nuno Sequeira,29,Lateral izquierdo,Portugues,No convocado
115,Joao Cancelo,26,Lateral derecho,Portugues,No convocado
116,Nelson Semedo,26,Lateral derecho,Portugues,No convocado
117,Diogo Dalot,21,Lateral derecho,Portugues,No convocado
118,Cedric Soares,28,Lateral derecho,Portugues,No convocado
119,Ruben Neves,23,Pivote,Portugues,No convocado
120,Danilo Pereira,28,Pivote,Portugues,No convocado
121,Joao Palhinha,24,Pivote,Portugues,No convocado
122,William Carvalho,28,Pivote,Portugues,No convocado
123,Renato Sanches,22,Mediocentro,Portugues,No convocado
124,Andre Gomes,26,Mediocentro,Portugues,No convocado
125,Sergio Oliveira,28,Mediocentro,Portugues,No convocado
126,Joao Mario,27,Mediocentro,Portugues,No convocado
127,Matheus Nunes,21,Mediocentro,Portugues,No convocado
128,Joao Moutinho,33,Mediocentro,Portugues,No convocado
129,Otavio,25,Interior derecho,Portugues,No convocado
130,Bruno Fernandes,25,Mediocentro ofensivo,Portugues,No convocado
131,Bernardo Silva,25,Mediocentro ofensivo,Portugues,No convocado
132,Diogo Jota,23,Extremo izquierdo,Portugues,No convocado
133,Pedro Neto,20,Extremo izquierdo,Portugues,No convocado
134,Rafael Leao,21,Extremo izquierdo,Portugues,No convocado
135,Gonzalo Guedes,23,Extremo izquierdo,Portugues,No convocado
136,Pedro Gonzalves,22,Extremo izquierdo,Portugues,No convocado
137,Daniel Podence,24,Extremo derecho,Portugues,No convocado
138,Francisco Trincao,20,Extremo derecho,Portugues,No convocado
139,Joao Felix,20,Mediapunta,Portugues,No convocado
140,Rafa Silva,27,Mediapunta,Portugues,No convocado
141,Cristiano Ronaldo,35,Delantero centro,Portugues,No convocado
142,Andre Silva,24,Delantero centro,Portugues,No convocado
143,Paulinho,27,Delantero centro,Portugues,No convocado
144,Aaron Ramsdale,24,Portero,Ingles,No convocado
145,Dean Henderson,25,Portero,Ingles,No convocado
146,Nick Pope,30,Portero,Ingles,No convocado
147,Fikayo Tomori,24,Defensa central,Ingles,No convocado
148,Marc Guehi,22,Defensa central,Ingles,No convocado
149,Harry Maguire,29,Defensa central,Ingles,No convocado
150,John Stones,28,Defensa central,Ingles,No convocado
151,Eric Dier,28,Defensa central,Ingles,No convocado
152,Conor Coady,29,Defensa central,Ingles,No convocado
153,Ben Chilwell,25,Lateral izquierdo,Ingles,No convocado
154,Luke Shaw,27,Lateral izquierdo,Ingles,No convocado
155,Trent Alexander Arnold,24,Lateral derecho,Ingles,No convocado
156,Reece James,22,Lateral derecho,Ingles,No convocado
157,Kyle Walker,32,Lateral derecho,Ingles,No convocado
158,Kieran Trippier,32,Lateral derecho,Ingles,No convocado
159,Declan Rice,23,Pivote,Ingles,No convocado
160,Kalvin Phillips,26,Pivote,Ingles,No convocado
161,Phil Foden,22,Mediocentro,Ingles,No convocado
162,Jude Bellingham,19,Mediocentro,Ingles,No convocado
163,James Ward Prowse,27,Mediocentro,Ingles,No convocado
164,Jordan Henderson,32,Mediocentro,Ingles,No convocado
165,Bukayo Saka,21,Interior derecho,Ingles,No convocado
166,Mason Mount,23,Mediocentro ofensivo,Ingles,No convocado
167,Raheem Sterling,27,Extremo izquierdo,Ingles,No convocado
168,Jack Grealish,27,Extremo izquierdo,Ingles,No convocado
169,Jarrod Bowen,25,Extremo derecho,Ingles,No convocado
170,Harry Kane,29,Delantero centro,Ingles,No convocado
171,Tammy Abraham,25,Delantero centro,Ingles,No convocado
172,Ivan Toney,26,Delantero centro,Ingles,No convocado
173,Antonio Rudiger,29,Defensa central,Aleman,No convocado
174,Armel Bella Kotchap ,20,Defensa central,Aleman,No convocado
175,Benjamin Henrichs,25,Lateral derecho,Aleman,No convocado
176,David Raum,24,Lateral izquierdo,Aleman,No convocado
177,Florian Neuhaus,23,Mediocentro,Aleman,No convocado
178,Ilkay Gundogan,32,Mediocentro,Aleman,No convocado
179,Jamal Musiala,19,Mediocentro ofensivo,Aleman,No convocado
180,Jonas Hofmann ,30,Extremo derecho,Aleman,No convocado
181,Joshua Kimmich,27,Pivote,Aleman,No convocado
182,Kai Havertz,23,Mediocentro ofensivo,Aleman,No convocado
183,Kevin Trapp,32,Portero,Aleman,No convocado
184,Leon Goretzka,25,Mediocentro,Aleman,No convocado
185,Leroy Sane ,26,Extremo izquierdo,Aleman,No convocado
186,Lukas Nmecha,23,Delantero centro,Aleman,No convocado
187,Mahmoud Dahoud,24,Mediocentro,Aleman,No convocado
188,Marc Andre Ter Stegen,30,Portero,Aleman,No convocado
189,Matthias Ginter,28,Defensa central,Aleman,No convocado
190,Maximilian Arnold,28,Mediocentro,Aleman,No convocado
191,Nadiem Amiri,23,Mediocentro,Aleman,No convocado
192,Nico Schlotterbeck,22,Defensa central,Aleman,No convocado
193,Niklas Sule,27,Defensa central,Aleman,No convocado
194,Oliver Baumann,32,Portero,Aleman,No convocado
195,Robin Gosens,28,Interior izquierdo,Aleman,No convocado
196,Serge Gnabry,27,Extremo derecho,Aleman,No convocado
197,Thilo Kehrer,26,Defensa central,Aleman,No convocado
198,Thomas Muller ,33,Mediapunta,Aleman,No convocado
199,Timo Werner,26,Delantero centro,Aleman,No convocado
200,Toni Kroos,30,Mediocentro,Aleman,No convocado
201,Guillermo Ochoa,37,Portero,Mexicano,No convocado
202,Rodolfo Cota,35,Portero,Mexicano,No convocado
203,Alfredo Talavera,40,Portero,Mexicano,No convocado
204,Cesar Montes,25,Defensa central,Mexicano,No convocado
205,Johan Vasquez,24,Defensa central,Mexicano,No convocado
206,Nestor Araujo,31,Defensa central,Mexicano,No convocado
207,Hector Moreno,34,Defensa central,Mexicano,No convocado
208,Jesus Angulo,24,Lateral izquierdo,Mexicano,No convocado
209,Gerardo Arteaga,24,Lateral izquierdo,Mexicano,No convocado
210,Jesus Gallardo,28,Lateral izquierdo,Mexicano,No convocado
211,Kevin Alvarez,23,Lateral derecho,Mexicano,No convocado
212,Jorge Sanchez,24,Lateral derecho,Mexicano,No convocado
213,Edson Alvarez,25,Pivote,Mexicano,No convocado
214,Luis Chavez,26,Pivote,Mexicano,No convocado
215,Carlos Rodriguez,25,Mediocentro,Mexicano,No convocado
216,Erick Sanchez,23,Mediocentro,Mexicano,No convocado
217,Erick Gutierrez,27,Mediocentro,Mexicano,No convocado
218,Luis Romo,27,Mediocentro,Mexicano,No convocado
219,Fernando Beltran,24,Mediocentro,Mexicano,No convocado
220,Orbelin Pineda,26,Mediocentro,Mexicano,No convocado
221,Hector Herrera,32,Mediocentro,Mexicano,No convocado
222,Andres Guardado ,36,Mediocentro,Mexicano,No convocado
223,Alexis Vega,24,Extremo izquierdo,Mexicano,No convocado
224,Hirving Lozano,27,Extremo derecho,Mexicano,No convocado
225,Tecatito ,29,Extremo derecho,Mexicano,No convocado
226,Roberto Alvarado,24,Extremo derecho,Mexicano,No convocado
227,Uriel Antuna,25,Extremo derecho,Mexicano,No convocado
228,Diego Lainez,22,Extremo derecho,Mexicano,No convocado
229,Raul Jimenez ,31,Delantero centro,Mexicano,No convocado
230,Henry Martin,29,Delantero centro,Mexicano,No convocado
231,Rogelio Funes Mori,31,Delantero centro,Mexicano,No convocado
232,Santiago Gimenez,21,Delantero centro,Mexicano,No convocado
233,Matt Turner,28,Portero,Estado Unidense,No convocado
234,Sean Johnson,33,Portero,Estado Unidense,No convocado
235,Ethan Horvath,27,Portero,Estado Unidense,No convocado
236,Walker Zimmerman,29,Defensa central,Estado Unidense,No convocado
237,Mark McKenzie,23,Defensa central,Estado Unidense,No convocado
238,Aaron Long,30,Defensa central,Estado Unidense,No convocado
239,Erik Palmer Brown,25,Defensa central,Estado Unidense,No convocado
240,Sam Vines,23,Lateral izquierdo,Estado Unidense,No convocado
241,Sergino Dest,21,Lateral derecho,Estado Unidense,No convocado
242,Joe Scally,19,Lateral derecho,Estado Unidense,No convocado
243,Reggie Cannon,24,Lateral derecho,Estado Unidense,No convocado
244,DeAndre Yedlin,29,Lateral derecho,Estado Unidense,No convocado
245,Tyler Adams,23,Pivote,Estado Unidense,No convocado
246,Kellyn Acosta,27,Pivote,Estado Unidense,No convocado
247,Weston McKennie,24,Mediocentro,Estado Unidense,No convocado
248,Luca De La Torre,24,Mediocentro,Estado Unidense,No convocado
249,Johnny,21,Mediocentro,Estado Unidense,No convocado
250,Giovanni Reyna,19,Mediocentro ofensivo,Estado Unidense,No convocado
251,Brenden Aaronson,22,Mediocentro ofensivo,Estado Unidense,No convocado
252,Malik Tillman,20,Mediocentro ofensivo,Estado Unidense,No convocado
253,Jordan Morris,28,Extremo izquierdo,Estado Unidense,No convocado
254,Paul Arriola,27,Extremo derecho,Estado Unidense,No convocado
255,Josh Sargent,22,Delantero centro,Estado Unidense,No convocado
256,Ricardo Pepi,19,Delantero centro,Estado Unidense,No convocado
257,Jesus Ferreira,21,Delantero centro,Estado Unidense,No convocado
258,Andre Onana,26,Portero,Camerunes,No convocado
259,Devis Epassy,29,Portero,Camerunes,No convocado
260,Simon Ngapandouetnbu,19,Portero,Camerunes,No convocado
261,Christopher Wooh,21,Defensa central,Camerunes,No convocado
262,Jean Charles Castelletto,27,Defensa central,Camerunes,No convocado
263,Nicolas N Koulou,32,Defensa central,Camerunes,No convocado
264,Oumar Gonzalez,24,Defensa central,Camerunes,No convocado
265,Enzo Tchato,19,Defensa central,Camerunes,No convocado
266,Nouhou,25,Lateral izquierdo,Camerunes,No convocado
267,Darlin Yongwa,22,Lateral izquierdo,Camerunes,No convocado
268,Olivier Mbaizo,25,Lateral derecho,Camerunes,No convocado
269,Collins Fai,30,Lateral derecho,Camerunes,No convocado
270,Jean Onana,22,Pivote,Camerunes,No convocado
271,Martin Hongla,24,Pivote,Camerunes,No convocado
272,Samuel Oum Gouet,24,Pivote,Camerunes,No convocado
273,Gael Ondoua,26,Pivote,Camerunes,No convocado
274,Georges Mandjeck,33,Pivote,Camerunes,No convocado
275,Olivier Ntcham,26,Mediocentro,Camerunes,No convocado
276,Pierre Kunde,27,Mediocentro,Camerunes,No convocado
277,Karl Toko Ekambi,30,Extremo izquierdo,Camerunes,No convocado
278,Georges Kevin N Koudou,27,Extremo izquierdo,Camerunes,No convocado
279,Nicolas Moumi Ngamaleu,28,Extremo izquierdo,Camerunes,No convocado
280,Bryan Mbeumo,23,Extremo derecho,Camerunes,No convocado
281,Vincent Aboubakar,30,Delantero centro,Camerunes,No convocado
282,Jean Pierre Nsame,29,Delantero centro,Camerunes,No convocado
283,Leandre Tawamba,32,Delantero centro,Camerunes,No convocado
284,Alfred Gomis,29,Portero,Senegales,No convocado
285,Seny Dieng,27,Portero,Senegales,No convocado
286,Mory Diaw,29,Portero,Senegales,No convocado
287,Kalidou Koulibaly,31,Defensa central,Senegales,No convocado
288,Moussa Niakhate,26,Defensa central,Senegales,No convocado
289,Abdou Diallo,26,Defensa central,Senegales,No convocado
290,Pape Abou Cisse ,27,Defensa central,Senegales,No convocado
291,Formose Mendy,21,Defensa central,Senegales,No convocado
292,Ismail Jakobs,23,Lateral izquierdo,Senegales,No convocado
293,Fode Ballo Toure,25,Lateral izquierdo,Senegales,No convocado
294,Pape Gueye,23,Pivote,Senegales,No convocado
295,Nampalys Mendy,30,Pivote,Senegales,No convocado
296,Cheikhou Kouyate,32,Pivote,Senegales,No convocado
297,Mamadou Loum,25,Pivote,Senegales,No convocado
298,Moustapha Name,27,Pivote,Senegales,No convocado
299,Pape Matar Sarr,20,Mediocentro,Senegales,No convocado
300,Idrissa Gueye,33,Mediocentro,Senegales,No convocado
301,Pathe Ciss,28,Mediocentro,Senegales,No convocado
302,Iliman Ndiaye,22,Mediocentro ofensivo,Senegales,No convocado
303,Sadio Mane,30,Extremo izquierdo,Senegales,No convocado
304,Ismaila Sarr,24,Extremo derecho,Senegales,No convocado
305,Krepin Diatta,23,Extremo derecho,Senegales,No convocado
306,Nicolas Jackson,21,Extremo derecho,Senegales,No convocado
307,Demba Seck,21,Extremo derecho,Senegales,No convocado
308,Boulaye Dia,25,Delantero centro,Senegales,No convocado
309,Bamba Dieng ,22,Delantero centro,Senegales,No convocado
310,Mathew Ryan,30,Portero,Australiano,No convocado
311,Mitchell Langerak,34,Portero,Australiano,No convocado
312,Andrew Redmayne,33,Portero,Australiano,No convocado
313,Milos Degenek,28,Defensa central,Australiano,No convocado
314,Trent Sainsbury,30,Defensa central,Australiano,No convocado
315,Bailey Wright,30,Defensa central,Australiano,No convocado
316,Harrison Delbridge,30,Defensa central,Australiano,No convocado
317,Thomas Deng,25,Defensa central,Australiano,No convocado
318,Aziz Behich,31,Lateral izquierdo,Australiano,No convocado
319,Joel King,22,Lateral izquierdo,Australiano,No convocado
320,Nathaniel Atkinson ,23,Lateral derecho,Australiano,No convocado
321,Fran Karacic,26,Lateral derecho,Australiano,No convocado
322,Ryan Strain,25,Lateral derecho,Australiano,No convocado
323,Connor Metcalfe,22,Pivote,Australiano,No convocado
324,Keanu Baccus,24,Pivote,Australiano,No convocado
325,Cammy Devlin ,24,Pivote,Australiano,No convocado
326,Aaron Mooy,32,Mediocentro,Australiano,No convocado
327,Riley McGree,23,Mediocentro,Australiano,No convocado
328,Jackson Irvine,29,Mediocentro,Australiano,No convocado
329,Tyrese Francois,22,Mediocentro,Australiano,No convocado
330,Ajdin Hrustic ,26,Mediocentro ofensivo,Australiano,No convocado
331,Denis Genreau,23,Mediocentro ofensivo,Australiano,No convocado
332,Awer Mabil,27,Extremo izquierdo,Australiano,No convocado
333,Mathew Leckie,31,Extremo izquierdo,Australiano,No convocado
334,Martin Boyle,29,Extremo derecho,Australiano,No convocado
335,Marco Tilio,21,Extremo derecho,Australiano,No convocado
336,Jamie Maclaren,29,Delantero centro,Australiano,No convocado
337,Adam Taggart,29,Delantero centro,Australiano,No convocado
338,Jason Cummings,27,Delantero centro,Australiano,No convocado
339,Mitchell Duke,31,Delantero centro,Australiano,No convocado
340,Garang Kuol,18,Delantero centro,Australiano,No convocado
341,Meshaal Barsham,24,Portero,Qatari,No convocado
342,Salah Zakaria,23,Portero,Qatari,No convocado
343,Saad Al Sheeb,32,Portero,Qatari,No convocado
344,Yousef Hassan,26,Portero,Qatari,No convocado
345,Tarek Salman,24,Defensa central,Qatari,No convocado
346,Pedro Miguel,32,Defensa central,Qatari,No convocado
347,Bassam Al Rawi,24,Defensa central,Qatari,No convocado
348,Boualem Khoukhi,32,Defensa central,Qatari,No convocado
349,Mohamed Emad Aiash,21,Defensa central,Qatari,No convocado
350,Abdelkarim Hassan,29,Lateral izquierdo,Qatari,No convocado
351,Homam Ahmed,23,Lateral izquierdo,Qatari,No convocado
352,Musab Khoder,29,Lateral derecho,Qatari,No convocado
353,Karim Boudiaf,32,Pivote,Qatari,No convocado
354,Ahmed Fadel,29,Pivote,Qatari,No convocado
355,Jassem Gaber Abdulsallam,20,Pivote,Qatari,No convocado
356,Abdulaziz Hatem,32,Mediocentro,Qatari,No convocado
357,Mohammed Waad,23,Mediocentro,Qatari,No convocado
358,Osama Al Tairi,20,Mediocentro,Qatari,No convocado
359,Mustafa Mashaal,21,Mediocentro,Qatari,No convocado
360,Ali Asad,29,Mediocentro ofensivo,Qatari,No convocado
361,Akram Afif,25,Extremo izquierdo,Qatari,No convocado
362,Abdelrahman Moustafa,25,Extremo izquierdo,Qatari,No convocado
363,Khalid Muneer Mazeed,24,Extremo izquierdo,Qatari,No convocado
364,Yusuf Abdurisag,23,Extremo izquierdo,Qatari,No convocado
365,Hasan Al Haydos,31,Extremo derecho,Qatari,No convocado
366,Ismaeel Mohammed,32,Extremo derecho,Qatari,No convocado
367,Naif Al Hadhrami,21,Extremo derecho,Qatari,No convocado
368,Almoez Ali,26,Delantero centro,Qatari,No convocado
369,Ahmed Alaaeldin,29,Delantero centro,Qatari,No convocado
370,Mohammed Muntari,28,Delantero centro,Qatari,No convocado
0,Mohammed Muntari,28,Delantero centro,Qatari,No convocado
0,Mohammed Muntari,28,Delantero centro,Qatari,No convocado
0,Mohammed Muntari,28,Delantero centro,Qatari,No convocado
0,Mohammed Muntari,28,Delantero centro,Qatari,No convocado
0,Mohammed Muntari,28,Delantero centro,Qatari,No convocado
0,Mohammed Muntari,28,Delantero centro,Qatari,No convocado
0,Mohammed Muntari,28,Delantero centro,Qatari,No convocado
0,Mohammed Muntari,28,Delantero centro,Qatari,No convocado
0,Mohammed Muntari,28,Delantero centro,Qatari,No convocado
